title,company,location,link
Sr. Front End Developer - Angular/React,"loanDepot, LLC","Plano, TX",https://stackoverflow.com/jobs/505661/
"100% Remote | Senior React, React Native, or Node Developer | Forever Remote",G2i Inc,No office location,https://stackoverflow.com/jobs/516148/
Software Engineer- Ruby/React,Doctolib,"Nantes, France",https://stackoverflow.com/jobs/525560/
Lead Software Engineer (Rails/React),1848 Ventures,"Westfield Center, OH",https://stackoverflow.com/jobs/481226/
React Frontend Software Engineer,Nozomi Networks,"Mendrisio, Switzerland",https://stackoverflow.com/jobs/526403/
React Native Developer - REMOTE WORK,BairesDev LLC,No office location,https://stackoverflow.com/jobs/514671/
Full-Stack Software Engineer (React/Ruby on Rails),Articulate Inc.,No office location,https://stackoverflow.com/jobs/504254/
Frontend Software Engineer (React),Idelic Inc,"Pittsburgh, PA",https://stackoverflow.com/jobs/493257/
REACT SOFTWARE ENGINEER (F/M/D),4.screen GmbH,"München, Deutschland",https://stackoverflow.com/jobs/521006/
Full-Stack Javascript Developer (Node.js / React / Next.js),OOZOU,No office location,https://stackoverflow.com/jobs/364919/
Desenvolvimento React,Ambev Tech,No office location,https://stackoverflow.com/jobs/523478/
Senior Frontend Engineer (React),Rodeo,"Amsterdam, Netherlands",https://stackoverflow.com/jobs/516002/
Full-Stack Software Engineer (React/Node - Integrations/API),Articulate Inc.,No office location,https://stackoverflow.com/jobs/504249/
React Native Mobile Engineer,Candide Limited,"Bristol, UK",https://stackoverflow.com/jobs/506413/
Javascript Developer (React.js/Node.js),Imaginary Cloud,"Lisbon, Portugal",https://stackoverflow.com/jobs/525615/
"Senior Software Engineer - Angular, React, Vue, etc. (online comparison portal)",Verivox GmbH,"Heidelberg, Germany",https://stackoverflow.com/jobs/485038/
Front End React Developer,In Touch Technologies,"Valparaiso, IN",https://stackoverflow.com/jobs/525280/
Full Stack Java/React Developer,Portland Webworks,"Portland, ME",https://stackoverflow.com/jobs/524803/
Remote React / React Native Developer,Tellonym,No office location,https://stackoverflow.com/jobs/526610/
Senior React.js Developer,AIR MILES,"Toronto, ON, Canada",https://stackoverflow.com/jobs/526249/
Full Stack Developer (Django + React),Self Decode,No office location,https://stackoverflow.com/jobs/524866/
Frontend Software Engineer - JavaScript / Typescript  / React,Omio,"Prague, Czechia",https://stackoverflow.com/jobs/512747/
React Native Engineer,The LEGO Group,"London, UK",https://stackoverflow.com/jobs/527506/
React Developer (Remote),Remote Crew LDA,No office location,https://stackoverflow.com/jobs/528014/
Software Engineer - React Native Focus (m/f/d),ToolTime GmbH,"Berlin, Deutschland",https://stackoverflow.com/jobs/513749/
"Experienced React + VanillaJS Engineer, FinTech",TotallyMoney,"London, UK",https://stackoverflow.com/jobs/316009/
Senior Node/React Full-Stack Developer,"Gorilla Logic, Inc.",No office location,https://stackoverflow.com/jobs/523491/
Remote React / React Native Developer,Tellonym,No office location,https://stackoverflow.com/jobs/526610/
Front End React Developer,In Touch Technologies,"Valparaiso, IN",https://stackoverflow.com/jobs/525280/
Senior React R&D Developer,Klaxoon,"Rennes, France",https://stackoverflow.com/jobs/526218/
Senior React.js Developer,AIR MILES,"Toronto, ON, Canada",https://stackoverflow.com/jobs/526249/
Full Stack Developer (Django + React),Self Decode,No office location,https://stackoverflow.com/jobs/524866/
Senior Front-End ReactJS Developer,Contrast Security,No office location,https://stackoverflow.com/jobs/527056/
React Developer,SKY Group,"Isleworth, UK",https://stackoverflow.com/jobs/524539/
React Developer (Remote),Remote Crew LDA,No office location,https://stackoverflow.com/jobs/528014/
Senior React Developer,Supermetrics Oy,"Helsinki, Finland",https://stackoverflow.com/jobs/524132/
Senior Frontend Engineer (JS TS React),Zoopla,"London, UK",https://stackoverflow.com/jobs/496547/
"Senior Software Engineer (Javascript/Typescript, React/Redux,Node)",Even Financial,"New York, NY",https://stackoverflow.com/jobs/460779/
React Front End Developer,Fifth Force GmbH (Neufund),"Berlin, Germany",https://stackoverflow.com/jobs/517290/
React Front End Developer,"Daupler, Inc.","Kansas City, MO",https://stackoverflow.com/jobs/523351/
"Senior Front-end Engineer (React,js)",Castor,No office location,https://stackoverflow.com/jobs/462623/
React Architect - REMOTE WORK,BairesDev LLC,No office location,https://stackoverflow.com/jobs/516944/
"Senior Software Engineer, Full Stack (Python + React)","HackEDU, Inc",No office location,https://stackoverflow.com/jobs/527588/
Senior Full-stack JavaScript Engineer – React and Node [100% REMOTE],Clevertech,No office location,https://stackoverflow.com/jobs/527802/
Senior Full Stack Developer (React/.NET),Cleverbit Software,"San Gwann, Malta",https://stackoverflow.com/jobs/526388/
Senior Web Developer (Node/ReactJS),komoot,No office location,https://stackoverflow.com/jobs/454626/
Software Engineer JavaScript React,H & M Hennes & Mauritz GBC AB,"Stockholm, Sweden",https://stackoverflow.com/jobs/524972/
Senior Fullstack Engineer - Python / Django / React,StyleSeat,No office location,https://stackoverflow.com/jobs/522691/
Mid-level Front-end Developer (react/redux/typescript),LeasePlan,"Amsterdam, Netherlands",https://stackoverflow.com/jobs/303994/
Senior React Developer,Cleverlance,"Prague, Czechia",https://stackoverflow.com/jobs/526993/
React Engineer - London or remote (in EU time-zone),Cleo AI,"London, UK",https://stackoverflow.com/jobs/423181/
Frontend Web Developer (Vue/React/Angular) - REMOTE,"Ciber Global, LLC",No office location,https://stackoverflow.com/jobs/522037/
"Senior React Developer (FT, Remote)",Bitovi,"Chicago, IL",https://stackoverflow.com/jobs/525647/
Senior Web Developer React and Mobile Developer React Native,Red Rock technology,"Denver, CO",https://stackoverflow.com/jobs/525310/
Senior Frontend Engineer -- React,Unusual Ventures,"Stanford, CA",https://stackoverflow.com/jobs/516451/
All Skill Levels React Engineer - 100% Remote,Shogun,No office location,https://stackoverflow.com/jobs/525030/
Senior PHP/ReactJS Developer,PNDLM,No office location,https://stackoverflow.com/jobs/277527/
Senior React Engineer,VidMob,"Pittsfield, MA",https://stackoverflow.com/jobs/485599/
Senior React Developer,Cleverbit Software,"San Gwann, Malta",https://stackoverflow.com/jobs/527830/
4 - REACT Developer for a virtual team,GLOBAL APPCASTING AB,No office location,https://stackoverflow.com/jobs/510429/
Senior Mobile Software Engineer (React-Native),Zubale,"Ciudad de México, Mexico",https://stackoverflow.com/jobs/330151/
Senior JavaScript Developer / React Engineer (Remote),Branding Brand,"Pittsburgh, PA",https://stackoverflow.com/jobs/518805/
React Native Developer (m/f/d),medpex Versandapotheke,"Berlin, Deutschland",https://stackoverflow.com/jobs/525582/
"React Native Mobile Engineer, App Experience",Actio,"Berlin, Germany",https://stackoverflow.com/jobs/525497/
"Principal Software Engineer, AWS, Nodejs, React, remote-friendly (UK)",Click Travel Ltd,"Birmingham, UK",https://stackoverflow.com/jobs/521763/
Web Developer - JavaScript - React,ASOS,"Birmingham, UK",https://stackoverflow.com/jobs/487258/
Senior Node/React Full-Stack Developer,"Gorilla Logic, Inc.",No office location,https://stackoverflow.com/jobs/523491/
React Native Engineer  - UK Fully Remote,Omio,No office location,https://stackoverflow.com/jobs/523386/
Senior Front-End ReactJS Developer,Contrast Security,No office location,https://stackoverflow.com/jobs/527056/
"Senior Software Engineer (React.js, GraphQL)",UCRAFT,"Yerevan, Armenia",https://stackoverflow.com/jobs/455718/
React Developer,SKY Group,"Isleworth, UK",https://stackoverflow.com/jobs/524539/
Front-end React Developer,TelSmart,"Zagreb, Croatia",https://stackoverflow.com/jobs/470563/
"Full-Stack Engineer (JavaScript, Typescript, React, Node, Java)",buildit,"Warsaw, Poland",https://stackoverflow.com/jobs/243856/
Senior React Developer,Supermetrics Oy,"Helsinki, Finland",https://stackoverflow.com/jobs/524132/
"Senior Software Engineer (Javascript/Typescript, React/Redux,Node)",Even Financial,"New York, NY",https://stackoverflow.com/jobs/460779/
Front-end Developer (react/redux/typescript),LeasePlan,"Amsterdam, Netherlands",https://stackoverflow.com/jobs/298992/
Senior Front End- React Developer,Tensure Consulting,"Cincinnati, OH",https://stackoverflow.com/jobs/524526/
Full Stack Developer (React/Node.js),Haufe Group,"Barcelona, Spain",https://stackoverflow.com/jobs/470121/
Mobiilikehittäjä (React Native),CGI Suomi,"Helsinki, Finland",https://stackoverflow.com/jobs/526473/
Senior Developer - React Native,TeamGenius,No office location,https://stackoverflow.com/jobs/479598/
Senior Software Engineer- Ruby/React,Doctolib,"Levallois-Perret, France",https://stackoverflow.com/jobs/525486/
Frontend Engineer (React),AllTrails,No office location,https://stackoverflow.com/jobs/522533/
Front-end React Developer,TelSmart,"Zagreb, Croatia",https://stackoverflow.com/jobs/470563/
Senior Web Developer React and Mobile Developer React Native,Red Rock technology,"Denver, CO",https://stackoverflow.com/jobs/525310/
Fullstack Developer (Rails / React),Shipup,"Paris, France",https://stackoverflow.com/jobs/441420/
Experienced React Development,Sherpany AG,"Zürich, Switzerland",https://stackoverflow.com/jobs/499635/
Senior PHP/ReactJS Developer,PNDLM,No office location,https://stackoverflow.com/jobs/277527/
Frontend Engineer - React (m/f/d),Bonial International GmbH,"Berlin, Germany",https://stackoverflow.com/jobs/525805/
4 - REACT Developer for a virtual team,GLOBAL APPCASTING AB,No office location,https://stackoverflow.com/jobs/510429/
React Frontend Entwickler (m/w/d),atene KOMviaComputer Futures Solutions GmbH,"Berlin, Germany",https://stackoverflow.com/jobs/503123/
Full Stack Node/React Developer,Scalable Path,No office location,https://stackoverflow.com/jobs/527166/
Lead Full Stack Developer (React/Node),Cosuno,"Berlin, Germany",https://stackoverflow.com/jobs/522359/
Senior React.js + MariaDB Developer - work remotely for an Inc. 5000 Company!,OnePak Inc,No office location,https://stackoverflow.com/jobs/450184/
Front-end Engineer (React/ReactNative),Qudini,"London, UK",https://stackoverflow.com/jobs/524959/
"Software Engineering Manager, AWS, nodejs, react, remote-friendly (UK)",Click Travel Ltd,"Birmingham, UK",https://stackoverflow.com/jobs/521762/
Senior Frontend Developer React,PandaScore,"Paris, France",https://stackoverflow.com/jobs/450828/
React Scope Leader,Bit,No office location,https://stackoverflow.com/jobs/526649/
"Senior Full Stack Software Engineer (.NET Core, React)",Signal,"Glyfada, Greece",https://stackoverflow.com/jobs/518635/
Senior React Developer  [100% REMOTE],Clevertech,No office location,https://stackoverflow.com/jobs/527803/
Frontend Web Developer (Vue/React/Angular) - REMOTE,"Ciber Global, LLC",No office location,https://stackoverflow.com/jobs/522037/
UI Developer CSS/React (Remote - West Coast),Apple,"Cupertino, CA",https://stackoverflow.com/jobs/526514/
React Developer (f/m/d),Douglas GmbH,"Düsseldorf, Germany",https://stackoverflow.com/jobs/518480/
Senior React Engineer,Spark Digital,No office location,https://stackoverflow.com/jobs/507681/
"Senior Frontend Developer (React.js, Vue.js) (Remote US Only)",X-Team,No office location,https://stackoverflow.com/jobs/527405/
Techlead React Frontend (m/f/x) - Global Marketplace Solution,"AVANTGARDE - ""Creating Fans""","München, Deutschland",https://stackoverflow.com/jobs/498049/
Fullstack Javascript Developer (NodeJS/React),Smartly.io,"Berlin, Germany",https://stackoverflow.com/jobs/524552/
Frontend developer (NextJS/React) with a passion for open source,5 Monkeys Agency ABvia5 Monkeys Agency AB,"Stockholm, Sweden",https://stackoverflow.com/jobs/518074/
Full Stack Engineer - Rails/React - Remote,Brightline,No office location,https://stackoverflow.com/jobs/470809/
Senior Frontend Developer (React/CSS),MadeComfy,"Sydney, Australia",https://stackoverflow.com/jobs/522535/
2 - REACT Developer for a virtual team,GLOBAL APPCASTING AB,No office location,https://stackoverflow.com/jobs/494539/
Senior FrontEnd Developer - React,Facile.it,"Milan, Italy",https://stackoverflow.com/jobs/484597/
React Web Developer,Carbonara,No office location,https://stackoverflow.com/jobs/510708/
Senior Software Engineer ( React ) (m / f / d),Usercentrics GmbH,"München, Deutschland",https://stackoverflow.com/jobs/525710/
Senior Frontend Engineer (React) - Contra (Fully Remote),Unusual Ventures,"San Francisco, CA",https://stackoverflow.com/jobs/527494/
Senior Front-end Developer (react/redux/typescript),LeasePlan,"Amsterdam, Netherlands",https://stackoverflow.com/jobs/303993/
Web UI Engineer (ReactJS | Javascript | Java | HTML),Apple,"Hyderabad, India",https://stackoverflow.com/jobs/525959/
Full-stack Engineer (Python/JavaScript/React),Susten Capital Management Inc.,"Chuo City, Japan",https://stackoverflow.com/jobs/521729/
"Senior Software Engineer, React and Node.js",RubensteinTech,"New York, NY",https://stackoverflow.com/jobs/525422/
Senior Fullstack (Node/React) Developer (European Timezones),NearForm,No office location,https://stackoverflow.com/jobs/521205/
"SENIOR FULL-STACK DEV WITH RUBY / PYTHON / REACT NATIVE -- 100% REMOTE, FLEXIBLE",Analytics Fire,No office location,https://stackoverflow.com/jobs/517987/
React Native Developer,Twipe Mobile Solutions NV,"Leuven, Belgium",https://stackoverflow.com/jobs/478772/
Mobile React Native Developer,Aaqua,"Antwerp, Belgium",https://stackoverflow.com/jobs/523981/
"Senior Full-Stack Developer (PHP 8, ReactJS, AWS) in Impact Start-up",SPRK.global GmbH,"Berlin, Deutschland",https://stackoverflow.com/jobs/515917/
Self-driven ReactJS Developer,Seez,No office location,https://stackoverflow.com/jobs/339788/
React Native Developer (m/f/d),Vantis,"München, Deutschland",https://stackoverflow.com/jobs/522225/
Pixel-Perfect Front End/React Developer -work Remotely for an Inc. 5000 Company!,OnePak Inc,No office location,https://stackoverflow.com/jobs/467318/
React Web Developer,Team Go,No office location,https://stackoverflow.com/jobs/525104/
Frontend Software Engineer - JavaScript / Typescript  / React,Omio,"Berlin, Germany",https://stackoverflow.com/jobs/512748/
Senior Frontend Engineer React/ReactNative - Portugal/Spain,"Orion Advisor Solutions, Inc.",No office location,https://stackoverflow.com/jobs/524759/
Senior Front End Engineer (React),Lendi,"Sydney, Australia",https://stackoverflow.com/jobs/505278/
"Senior React Engineer (Fully Remote, VC-Backed Startup)",SparkPlug,"Boulder, CO",https://stackoverflow.com/jobs/522841/
"Senior Frontend Developer (React.js, Vue.js) (Remote US Only)",X-Team,No office location,https://stackoverflow.com/jobs/527405/
Techlead React Frontend (m/f/x) - Global Marketplace Solution,"AVANTGARDE - ""Creating Fans""","München, Deutschland",https://stackoverflow.com/jobs/498049/
Fullstack Javascript Developer (NodeJS/React),Smartly.io,"Berlin, Germany",https://stackoverflow.com/jobs/524552/
Frontend developer (NextJS/React) with a passion for open source,5 Monkeys Agency ABvia5 Monkeys Agency AB,"Stockholm, Sweden",https://stackoverflow.com/jobs/518074/
Full Stack Engineer - Rails/React - Remote,Brightline,No office location,https://stackoverflow.com/jobs/470809/
React Native Engineer at sustainable mobility Start-up (m/f/x),finn.auto,"München, Deutschland",https://stackoverflow.com/jobs/485085/
Full Stack Python / Django / React Dev for Awesome Saas,"Lead Sherpa, Inc.","Denver, CO",https://stackoverflow.com/jobs/522688/
Senior Software Engineer ( React ) (m / f / d),Usercentrics GmbH,"München, Deutschland",https://stackoverflow.com/jobs/525710/
Senior React Native Developer,You.i TV,"Ottawa, ON, Canada",https://stackoverflow.com/jobs/445394/
Web UI Engineer (ReactJS | Javascript | Java | HTML),Apple,"Hyderabad, India",https://stackoverflow.com/jobs/525959/
"Senior Software Engineer, React and Node.js",RubensteinTech,"New York, NY",https://stackoverflow.com/jobs/525422/
"SENIOR FULL-STACK DEV WITH RUBY / PYTHON / REACT NATIVE -- 100% REMOTE, FLEXIBLE",Analytics Fire,No office location,https://stackoverflow.com/jobs/517987/
Mobile React Native Developer,Aaqua,"Antwerp, Belgium",https://stackoverflow.com/jobs/523981/
"Senior Full-Stack Developer (PHP 8, ReactJS, AWS) in Impact Start-up",SPRK.global GmbH,"Berlin, Deutschland",https://stackoverflow.com/jobs/515917/
UI Developer CSS/React (Remote - West Coast),Apple,"Cupertino, CA",https://stackoverflow.com/jobs/526514/
React Native Developer (m/f/d),Vantis,"München, Deutschland",https://stackoverflow.com/jobs/522225/
"Full-Stack Engineer (Java, JavaScript, React, Node)",buildit,"Edinburgh, UK",https://stackoverflow.com/jobs/513725/
"Senior Full Stack Engineer (Elixir, React | Fully Remote)",Gustav Technologies Inc,No office location,https://stackoverflow.com/jobs/522662/
*REMOTE* React.js (Node.js) TypeScript FE/FS Engineer (m/f/x)-Global Marketplace,"AVANTGARDE - ""Creating Fans""",No office location,https://stackoverflow.com/jobs/433429/
React Engineer - London or remote (in EU time-zone),Cleo AI,"London, UK",https://stackoverflow.com/jobs/423181/
*REMOTE* React.js (Node.js) TypeScript FE/FS Engineer (m/f/x)-Global Marketplace,"AVANTGARDE - ""Creating Fans""",No office location,https://stackoverflow.com/jobs/433429/
Full Stack Developer - Ruby / React,Forward Financing,"Boston, MA",https://stackoverflow.com/jobs/472420/
React Developer (m/f/d),ProSiebenSat.1 Media SE,"München, Deutschland",https://stackoverflow.com/jobs/524218/
Front-end React Engineer (Senior/ Lead),Alpine IQ,No office location,https://stackoverflow.com/jobs/523168/
Techlead React Frontend (m/f/x) - Global Marketplace Solution,"AVANTGARDE - ""Creating Fans""","München, Deutschland",https://stackoverflow.com/jobs/498049/
Full Stack Engineer - Rails/React - Remote,Brightline,No office location,https://stackoverflow.com/jobs/470809/
"Senior Developer (React, Node.js) (m/f/d)",Ziegert EverEstate GmbH,"Berlin, Deutschland",https://stackoverflow.com/jobs/394267/
React Engineer,WayBetter,No office location,https://stackoverflow.com/jobs/523356/
Lead REACT (/iOS or Android) Frontend Software Engineer,Givelify,No office location,https://stackoverflow.com/jobs/508357/
Full Stack Developer (React/.NET),Cleverbit Software,"San Gwann, Malta",https://stackoverflow.com/jobs/526389/
Web UI Engineer (ReactJS | Javascript | Java | HTML),Apple,"Hyderabad, India",https://stackoverflow.com/jobs/525959/
Mobiilikehittäjä (React Native),CGI Suomi,"Helsinki, Finland",https://stackoverflow.com/jobs/526473/
Senior Full Stack Engineer (React + .NET),Pyx Health,No office location,https://stackoverflow.com/jobs/445483/
"Sr. React Engineer, Digital Consumer Products, fully remote",Superformula,No office location,https://stackoverflow.com/jobs/461414/
Digital Transformation / Full Stack developer role (Java + React),Motability Operations,"Bristol, UK",https://stackoverflow.com/jobs/526856/
React Developer (m/f/d),fodjan,"Dresden, Deutschland",https://stackoverflow.com/jobs/521839/
Front-end Developer (React),Shypple,"Rotterdam, Netherlands",https://stackoverflow.com/jobs/315697/
Senior Web Developer React and Mobile Developer React Native,Red Rock technology,"Denver, CO",https://stackoverflow.com/jobs/525310/
JavaScript Frontend Developer (React),Haraj.com,"Riyadh, Saudi Arabia",https://stackoverflow.com/jobs/526424/
React Native Developer (m/f/d),Vantis,"München, Deutschland",https://stackoverflow.com/jobs/522225/
"Javascript Developer - React, Angular or Node.js",Arcanys,"Manila, Philippines",https://stackoverflow.com/jobs/243364/
"Senior Full Stack Engineer (Elixir, React | Fully Remote)",Gustav Technologies Inc,No office location,https://stackoverflow.com/jobs/522662/
Senior React Development,Sherpany AG,"Zürich, Schweiz",https://stackoverflow.com/jobs/458256/
Senior React Developer,Think Company,No office location,https://stackoverflow.com/jobs/526750/
Frontend (React) Developer,Seven Peaks Software,"Khwaeng Khlong Toei, Thailand",https://stackoverflow.com/jobs/474100/
Senior Web Developer React and Mobile Developer React Native,Red Rock technology,"Denver, CO",https://stackoverflow.com/jobs/525310/
JavaScript Frontend Developer (React),Haraj.com,"Riyadh, Saudi Arabia",https://stackoverflow.com/jobs/526424/
"Javascript Developer - React, Angular or Node.js",Arcanys,"Manila, Philippines",https://stackoverflow.com/jobs/243364/
Senior React Development,Sherpany AG,"Zürich, Schweiz",https://stackoverflow.com/jobs/458256/
Senior React Developer,Think Company,No office location,https://stackoverflow.com/jobs/526750/
React/PHP Fullstack Developer in EdTech (Eastern Europe),MobyMax,No office location,https://stackoverflow.com/jobs/482966/
"Snr/Mid Full Stack Devs for HIGH IMPACT projects (React.js, Node.js, Typescript)",Rocketmakers,"Bath, UK",https://stackoverflow.com/jobs/501755/
"Mobile App Developer (React Native, Ionic, iOS/Android)",Atheneum,"Berlin, Germany",https://stackoverflow.com/jobs/518165/
Senior Frontend Developer (React.js),Mahisoft Inc,No office location,https://stackoverflow.com/jobs/295352/
"Join our remote team and enjoy work-life balance (JavaScript, NodeJS, React)",Spidergap,No office location,https://stackoverflow.com/jobs/316406/
"Senior Full Stack Developer (.NET, AWS, React.js, C#)",Redington,No office location,https://stackoverflow.com/jobs/486383/
Senior React Native Developer [100% REMOTE],Clevertech,No office location,https://stackoverflow.com/jobs/527805/
Pixel-Perfect Front End/React Developer -work Remotely for an Inc. 5000 Company!,OnePak Inc,No office location,https://stackoverflow.com/jobs/467318/
Senior Frontendutvecklare - React,Learnifier,"Stockholm, Sweden",https://stackoverflow.com/jobs/506872/
Senior Full Stack Developer (React/Node),Cosuno,"Berlin, Germany",https://stackoverflow.com/jobs/354357/
Sr. Frontend Developer (React.js),Compliance Solutions Strategies,"Valencia, Spain",https://stackoverflow.com/jobs/516939/
Senior/Lead Software Engineers - React.js for PWA - Work 4 days a week,Laminar,No office location,https://stackoverflow.com/jobs/500256/
"Fullstack Developer - (Focus Backend) JS, Node, React",Boehringer Ingelheim,"Vienna, Austria",https://stackoverflow.com/jobs/485987/
Senior Frontend Engineer (React + Typescript),Bigblue,"Paris, France",https://stackoverflow.com/jobs/505291/
Web Entwickler (m/w/d) mit React Erfahrung als Verstärkung gesucht,Bolinda Labs GmbH,"Darmstadt, Deutschland",https://stackoverflow.com/jobs/235595/
"Frontend, React Engineer, Digital Consumer Products, fully remote",Superformula,No office location,https://stackoverflow.com/jobs/509888/
"Principal Engineer, Frontend (React.js)",Plotly Technologies Inc,No office location,https://stackoverflow.com/jobs/527605/
"Software Architect ( Ionic,React)",Modus Create,No office location,https://stackoverflow.com/jobs/526247/
React Staff Software Engineer at Root Insurance (Remote Possible),Root Insurance Company,"Columbus, OH",https://stackoverflow.com/jobs/365535/
Senior React Native Developer [100% REMOTE],Clevertech,No office location,https://stackoverflow.com/jobs/527805/
React (Native) Developer,SKY Group,"Isleworth, UK",https://stackoverflow.com/jobs/524542/
Senior Software Engineer Web Technologies (Javascript/React/PHP/Elixir),UFirst Group,"València, Spain",https://stackoverflow.com/jobs/290098/
Senior FE Engineer (React),Float.com,"New York, NY",https://stackoverflow.com/jobs/526269/
Senior React Developer,UWM,"Pontiac, MI",https://stackoverflow.com/jobs/494546/
Frontend (React) Developer,Seven Peaks Software,"Khwaeng Khlong Toei, Thailand",https://stackoverflow.com/jobs/474100/
Senior React Native Engineer,Pollen,"London, UK",https://stackoverflow.com/jobs/526174/
Senior Frontend Developer (React.js),Mahisoft Inc,No office location,https://stackoverflow.com/jobs/295352/
"Mid-Level Full Stack Developer (.NET, AWS, React.js, TypeScript)",Redington,"London, UK",https://stackoverflow.com/jobs/486384/
Front End Engineer (React) - 100% Remote,Modus Create,No office location,https://stackoverflow.com/jobs/527581/
Senior Frontendutvecklare - React,Learnifier,"Stockholm, Sweden",https://stackoverflow.com/jobs/506872/
Senior Full Stack Developer (React/Node),Cosuno,"Berlin, Germany",https://stackoverflow.com/jobs/354357/
"Full Stack Developer (TypeScript, React)",CYBERTEC PostgreSQL International GmbH,"Wiener Neustadt, Austria",https://stackoverflow.com/jobs/523397/
"Fullstack Engineer (React, Java) (m|f|x)",idealo internet GmbH,"Berlin, Germany",https://stackoverflow.com/jobs/528040/
Sr. Frontend Developer (React.js),Compliance Solutions Strategies,"Valencia, Spain",https://stackoverflow.com/jobs/516939/
Node Developer with React experience,"KiteString Technical Services, formerly LJSA.","Bentonville, AR",https://stackoverflow.com/jobs/523575/
Forever Remote Position | 100% Remote React Engineer (Native or Web) | G2i,G2i Inc,No office location,https://stackoverflow.com/jobs/229077/
Senior/Lead Software Engineers - React.js for PWA - Work 4 days a week,Laminar,No office location,https://stackoverflow.com/jobs/500256/
(Senior) Frontend React Developer (m/f/x),Alasco,"München, Germany",https://stackoverflow.com/jobs/388313/
Senior Frontend Engineer (React + Typescript),Bigblue,"Paris, France",https://stackoverflow.com/jobs/505291/
Senior Frontend Engineer | JavaScript (React),Shine Solutions Group Pty Ltd,"Melbourne, Australia",https://stackoverflow.com/jobs/521513/
Web Entwickler (m/w/d) mit React Erfahrung als Verstärkung gesucht,Bolinda Labs GmbH,"Darmstadt, Deutschland",https://stackoverflow.com/jobs/235595/
"Frontend, React Engineer, Digital Consumer Products, fully remote",Superformula,No office location,https://stackoverflow.com/jobs/509888/
Fullstack Web-Entwickler PHP/React (m/w/d) in Bremen,hmmh multimediahaus AG,"Bremen, Deutschland",https://stackoverflow.com/jobs/526714/
"Principal Engineer, Frontend (React.js)",Plotly Technologies Inc,No office location,https://stackoverflow.com/jobs/527605/
Sr. Frontend Developer (React.js),Compliance Solutions Strategies,"Valencia, Spain",https://stackoverflow.com/jobs/516939/
Web Entwickler (m/w/d) mit React Erfahrung als Verstärkung gesucht,Bolinda Labs GmbH,"Darmstadt, Deutschland",https://stackoverflow.com/jobs/235595/
Senior Full Stack Developer (React/Node),Cosuno,"Berlin, Germany",https://stackoverflow.com/jobs/354357/
React.js & C# .NET Full Stack Software Engineer Passionate About Quality,SMA Technologies,"Houston, TX",https://stackoverflow.com/jobs/475357/
Senior React Developer (m/w/d),Techpilot - DynamicMarkets GmbH,"München, Deutschland",https://stackoverflow.com/jobs/523510/
"Senior Full Stack Developer (.NET, AWS, React.js, C#)",Redington,No office location,https://stackoverflow.com/jobs/486383/
"Frontend, React Engineer, Digital Consumer Products, fully remote",Superformula,No office location,https://stackoverflow.com/jobs/509888/
Pessoa Engenheira de Software - Full Stack (Ruby e React) | Growth Engineering,RD Station,No office location,https://stackoverflow.com/jobs/522647/
"Node, Redux & React developer, 2+ years experience, Series A start up!",EduMe Ltd,"London, UK",https://stackoverflow.com/jobs/459610/
React Native Mobile App Developer,GitStart,No office location,https://stackoverflow.com/jobs/440223/
Android Application Developer - React Native PPaaS F/M,Worldline,"Paris, France",https://stackoverflow.com/jobs/521806/
Frontend React Developer in NFT Startup - Remote within Germany,pink.gg,No office location,https://stackoverflow.com/jobs/513827/
JavaScript Frontend / React Entwickler (w/m/d),Nordeck IT + Consulting GmbH,"Hamburg, Deutschland",https://stackoverflow.com/jobs/521712/
Senior Full Stack JavaScript Developer with React (100% Remote),Evolution Virtual,No office location,https://stackoverflow.com/jobs/524882/
Senior React.js / Relay.js / TS Engineer,Contra,No office location,https://stackoverflow.com/jobs/488087/
Senior Frontend Engineer (ES8/React/Redux/Saga),Files.com,No office location,https://stackoverflow.com/jobs/241031/
"Front End Engineer ( React, Redux, HTML5, CSS)",buildit,"Bengaluru, India",https://stackoverflow.com/jobs/427249/
"Sr Front End Engineer - Remote US & Canada (.NET core, NoSQL, React, AWS)",Lone Wolf Technologies,No office location,https://stackoverflow.com/jobs/523488/
Software Engineer II (Ruby on Rails & React),Home Chef,"Chicago, IL",https://stackoverflow.com/jobs/519780/
"Senior Web Engineer | TypeScript, React.js, Redux, Next.js, Tailwind CSS",Dé VakantieDiscounter,"Amsterdam, Netherlands",https://stackoverflow.com/jobs/528028/
React developer to join our small and talented team,Lightbase B.V.,"Utrecht, Netherlands",https://stackoverflow.com/jobs/475329/
Rails / React / GraphQL Engineer Ready to Ride the Rocketship!,Demoflow,"Denver, CO",https://stackoverflow.com/jobs/503107/
Kotlin/React Fullstack Developer (m/w/d) German speaking & based in Germany!,iits-consulting,No office location,https://stackoverflow.com/jobs/504901/
"1 - .NET, REACT and Azure Developer for a virtual team",GLOBAL APPCASTING AB,No office location,https://stackoverflow.com/jobs/510427/
React Developer Interested in User Growth and First Mile Experience,FieldLevel,"San Diego, CA",https://stackoverflow.com/jobs/509353/
Rails / React / GraphQL Engineer Ready to Ride the Rocketship!,Demoflow,"Denver, CO",https://stackoverflow.com/jobs/503107/
"Front End Engineer ( React, Redux, HTML5, CSS)",buildit,"Bengaluru, India",https://stackoverflow.com/jobs/427249/
"Senior Web Engineer | TypeScript, React.js, Redux, Next.js, Tailwind CSS",Dé VakantieDiscounter,"Amsterdam, Netherlands",https://stackoverflow.com/jobs/528028/
React developer to join our small and talented team,Lightbase B.V.,"Utrecht, Netherlands",https://stackoverflow.com/jobs/475329/
Java/Spring Developer (Remote),Soshace LLC,No office location,https://stackoverflow.com/jobs/524310/
Full stack Team Leader,Marketman LTD,"Ra'anana, Israel",https://stackoverflow.com/jobs/512659/
Node.js Developer (Remote),Soshace LLC,No office location,https://stackoverflow.com/jobs/524309/
Senior Software Engineer - Developer Experience,C2FO,"Leawood, KS",https://stackoverflow.com/jobs/526132/
Frontend Developer (Remote),Soshace LLC,No office location,https://stackoverflow.com/jobs/516945/
Sr. Full Stack Engineer,"SocialChorus, Inc.",No office location,https://stackoverflow.com/jobs/523481/
"Backend Developer PHP, MySQL, Java, C (f/m/d)",AddApptr GmbH,"Hamburg, Germany",https://stackoverflow.com/jobs/431667/
Sr. DevOps Engineer,"SocialChorus, Inc.",No office location,https://stackoverflow.com/jobs/526782/
Software Engineer Contractor (Remote),Branding Brand,"Pittsburgh, PA",https://stackoverflow.com/jobs/521767/
Data Engineer,"SocialChorus, Inc.",No office location,https://stackoverflow.com/jobs/523485/
Software Engineer - Platform,C2FO,"Leawood, KS",https://stackoverflow.com/jobs/527575/
"Senior JavaScript Backend Engineers (NodeJS, JSON, REST APIs)",Radical I/O Technology Inc.,"Vancouver, BC, Canada",https://stackoverflow.com/jobs/525307/
"Software Engineer, Developer Experience (API and webhooks)","Zeplin, Inc","San Francisco, CA",https://stackoverflow.com/jobs/523466/
Senior Software Engineer - Platform,C2FO,"Leawood, KS",https://stackoverflow.com/jobs/525290/
DevOps Engineer (Remote),Team Go,No office location,https://stackoverflow.com/jobs/525106/
Software Engineer,Doctolib,"Niort, France",https://stackoverflow.com/jobs/525565/
System- and Database-Administrator (f/m/d),AddApptr GmbH,"Hamburg, Germany",https://stackoverflow.com/jobs/272132/
Senior Mobile Engineers (Native iOS and/or Android),Radical I/O Technology Inc.,"Vancouver, BC, Canada",https://stackoverflow.com/jobs/525308/
"Presales Engineer (remote, m/f/d)",Data Virtuality GmbH,No office location,https://stackoverflow.com/jobs/523873/
Engineering Lead (f/m/x),Zenjob,"Berlin, Germany",https://stackoverflow.com/jobs/383570/
Flutter Developer Remote,Team Go,No office location,https://stackoverflow.com/jobs/525105/
Senior Frontend Engineer (f/m/x),Zenjob,"Berlin, Germany",https://stackoverflow.com/jobs/512064/
Engineering Lead (f/m/x),Zenjob,"Berlin, Germany",https://stackoverflow.com/jobs/383570/
Solution Engineer m/f/d,Data Virtuality GmbH,No office location,https://stackoverflow.com/jobs/512007/
Senior Ruby on Rails Backend Developer,Doctible,No office location,https://stackoverflow.com/jobs/513669/
Engineering Manager,Doctolib,"Berlin, Germany",https://stackoverflow.com/jobs/525745/
Data Engineer - Marketing,C2FO,"Leawood, KS",https://stackoverflow.com/jobs/522991/
Full Stack Software Engineer,Marks & Spencer,"London, UK",https://stackoverflow.com/jobs/514312/
Full Stack Python Engineer,Marks & Spencer,"London, UK",https://stackoverflow.com/jobs/527505/
"Software Engineer, macOS (Appkit and Swift)","Zeplin, Inc","San Francisco, CA",https://stackoverflow.com/jobs/523468/
Javascript Full Stack Engineer (f/m/x),Zenjob,"Berlin, Germany",https://stackoverflow.com/jobs/423694/
iOS Developer,Marks & Spencer,"London, UK",https://stackoverflow.com/jobs/522332/
Cloud Sysadmin / DevOps,Data Virtuality GmbH,No office location,https://stackoverflow.com/jobs/523986/
Senior Software Engineer - Full Stack,C2FO,"Leawood, KS",https://stackoverflow.com/jobs/287269/
Web developer,xe.gr (Xrysi Eukairia),"Athina, Greece",https://stackoverflow.com/jobs/447191/
ML Software Engineer,Marks & Spencer,"London, UK",https://stackoverflow.com/jobs/526212/
Senior Backend Engineer (f/m/x) (Multiple openings),Zenjob,"Berlin, Germany",https://stackoverflow.com/jobs/422065/
Senior Full-Stack Engineer (m/f/d),e-bot7 GmbH,"München, Germany",https://stackoverflow.com/jobs/500530/
Senior Data Scientist,Marks & Spencer,"London, UK",https://stackoverflow.com/jobs/513379/
Backend Software Developer,xe.gr (Xrysi Eukairia),"Athina, Greece",https://stackoverflow.com/jobs/456749/
Team Lead Solutions Engineering (m/f/d),e-bot7 GmbH,"Munich, Germany",https://stackoverflow.com/jobs/524821/
Engineering Manager,Doctolib,"Nantes, France",https://stackoverflow.com/jobs/525504/
Software Engineer - Android (m/w/d),HolidayCheck Group AG,"München, Deutschland",https://stackoverflow.com/jobs/292856/
DevOps Engineer,e-bot7 GmbH,"Munich, Germany",https://stackoverflow.com/jobs/526189/
Mobile Developer iOS,AH Technology – Albert Heijn,"Amsterdam, Netherlands",https://stackoverflow.com/jobs/524598/
Data Engineer - Warehouse,C2FO,"Leawood, KS",https://stackoverflow.com/jobs/522984/
"Apple Media Products - Full-Stack Engineer, Internal Tools",Apple,"Seattle, WA",https://stackoverflow.com/jobs/437960/
Agile Tester,AH Technology – Albert Heijn,"Amsterdam, Netherlands",https://stackoverflow.com/jobs/524599/
Data Engineer - Platform,C2FO,"Leawood, KS",https://stackoverflow.com/jobs/525017/
Senior Backend Engineer (Ruby on Rails),Files.com,No office location,https://stackoverflow.com/jobs/282423/
Software Engineer iOS (m/w/d),HolidayCheck Group AG,"München, Deutschland",https://stackoverflow.com/jobs/481187/
DevOps Engineer,Secfi,"Amsterdam, Netherlands",https://stackoverflow.com/jobs/473454/
Senior Software Engineer,Secfi,"Amsterdam, Netherlands",https://stackoverflow.com/jobs/473458/
Front-End Engineer,Secfi,"Amsterdam, Netherlands",https://stackoverflow.com/jobs/473456/
MSI- Software Engineer,Apple,"Cupertino, CA",https://stackoverflow.com/jobs/527676/
Full Stack Software Developer (remote - EU),Optimile,"Ghent, Belgium",https://stackoverflow.com/jobs/526075/
"Full-stack Developer (JavaScript, Node.js)",dresslife,"Hanover, Germany",https://stackoverflow.com/jobs/524021/
Software Engineer,Freelancer.com,"Sydney, Australia",https://stackoverflow.com/jobs/527384/
Front End Web Developer - Apple Maps on the Web,Apple,"Cupertino, CA",https://stackoverflow.com/jobs/528036/
Software Developer - Equities & Credit strategy,BFAM Partners,"Hong Kong Island, Hong Kong",https://stackoverflow.com/jobs/525335/
Quantitative Developer / Strat - Rates,BFAM Partners,"Hong Kong Island, Hong Kong",https://stackoverflow.com/jobs/524918/
Software Engineer - Data Governance Infrastructure - Apple Cloud Services,Apple,"Cupertino, CA",https://stackoverflow.com/jobs/526350/
Front End Software Engineer,ErisX,"Chicago, IL",https://stackoverflow.com/jobs/524754/
Senior App Engineer,Joint Academy,"Malmö, Sweden",https://stackoverflow.com/jobs/525501/
Senior Frontend Developer,LangAware,"Athens, Greece",https://stackoverflow.com/jobs/526828/
Senior Software Engineers,Reaktor,"New York, NY",https://stackoverflow.com/jobs/524896/
Ruby on Rails Developer (Remote UK-based),Bit Zesty,"London, UK",https://stackoverflow.com/jobs/523394/
Senior Software Engineer,Extracker,"Lafayette, CA",https://stackoverflow.com/jobs/525887/
Software Engineer,Apple,"Cupertino, CA",https://stackoverflow.com/jobs/519555/
"Sr. Full Stack Software Engineer, News",Apple,"Cupertino, CA",https://stackoverflow.com/jobs/525511/
Front-End Engineer - Amazon Connect (AWS),Amazon Web Services,"New York, NY",https://stackoverflow.com/jobs/499872/
Senior Software Engineer (POS) Point of Sale,Apple,"Austin, TX",https://stackoverflow.com/jobs/527760/
JavaScript Full Stack Engineer,"Full Beaker, Inc.","Bellevue, WA",https://stackoverflow.com/jobs/527972/
Front End Engineer,Amazon Web Services,"New York, NY",https://stackoverflow.com/jobs/499873/
Symfony/PHP Engineer,Compucorp,"London, UK",https://stackoverflow.com/jobs/526464/
Ruby on Rails Developer (Remote Non-UK based),Bit Zesty,"London, UK",https://stackoverflow.com/jobs/526176/
Quant Researcher - Stat Arb / Alpha Capture **Remote Friendly**,Kepler Fi,Singapore,https://stackoverflow.com/jobs/525176/
Senior Front-end / JS Developer (Remote),iubenda,"Milan, Italy",https://stackoverflow.com/jobs/513766/
Sr. Front-End Engineer - Amazon Connect (AWS),Amazon Web Services,"New York, NY",https://stackoverflow.com/jobs/499869/
Software Development Engineer II - AWS (Android),Amazon Web Services,"East Palo Alto, CA",https://stackoverflow.com/jobs/499878/
Android Developer,Senseye,"Austin, TX",https://stackoverflow.com/jobs/525971/
Front-end Developer,GatherContent,"London, UK",https://stackoverflow.com/jobs/524779/
Senior Engineering Manager,Extracker,"Oakland, CA",https://stackoverflow.com/jobs/525886/
Senior Frontend Developer (m/f/d) - onsite or remote in Germany,ABOUT YOU GmbH & Co. KG,"Hamburg, Deutschland",https://stackoverflow.com/jobs/304349/
Software Engineer (JavaScript),UnosquareviaHays PLC,No office location,https://stackoverflow.com/jobs/524721/
Full Stack Web Developer,Good Goods,"New York, NY",https://stackoverflow.com/jobs/492701/
Full-Stack Web Developer Java,WPS Management GmbH,"Paderborn, Deutschland",https://stackoverflow.com/jobs/125395/
"Software Developers for our offices in Germany, France, and UK",Evotec SE,"Hamburg, Germany",https://stackoverflow.com/jobs/524299/
Front-End Developer,Imaginary Cloud,"Lisbon, Portugal",https://stackoverflow.com/jobs/526601/
Remote Fullstack Entwicklerin (m/w/d),Ambient Innovation: GmbH,"Köln, Germany",https://stackoverflow.com/jobs/527185/
Senior Full Stack Developer,OnCall Health,"Toronto, ON, Canada",https://stackoverflow.com/jobs/522342/
Senior Backend Developer,AudioValley,"Paris, France",https://stackoverflow.com/jobs/518186/
Web Frontend Developer with an eye for professional user experience (m/f/d),Ergosign,"Saarbrücken, Deutschland",https://stackoverflow.com/jobs/456766/
Front-End Engineer,HeidelbergCement AG,"Brno-jih, Czechia",https://stackoverflow.com/jobs/495725/
Senior Software Engineer,Leverege,No office location,https://stackoverflow.com/jobs/468965/
Software Engineer,DojoMojo,"New York, NY",https://stackoverflow.com/jobs/524763/
Senior Software Engineer - Full-stack,Realtor.com,"Austin, TX",https://stackoverflow.com/jobs/527036/
Senior Software Developer,"Differential Dev Shop, LLC","Cincinnati, OH",https://stackoverflow.com/jobs/518338/
Software Engineer (JavaScript),UnosquareviaHays PLC,No office location,https://stackoverflow.com/jobs/524721/
Full Stack Web Developer,Good Goods,"New York, NY",https://stackoverflow.com/jobs/492701/
"Software Developers for our offices in Germany, France, and UK",Evotec SE,"Hamburg, Germany",https://stackoverflow.com/jobs/524299/
Full-stack Software Engineer,Otta,"London, UK",https://stackoverflow.com/jobs/501766/
"full-stack web developer (node.js, typescript)",code d'azur,"Amsterdam, Netherlands",https://stackoverflow.com/jobs/522428/
Front-End Developer,Imaginary Cloud,"Lisbon, Portugal",https://stackoverflow.com/jobs/526601/
Senior Backend Software Engineer,C2FO,"Leawood, KS",https://stackoverflow.com/jobs/522851/
"We're Seeking a Key Frontend/Fullstack Engineer (Remote, US)",RXNT,"Annapolis, MD",https://stackoverflow.com/jobs/527889/
Senior Software Developer (Backend) - Data and AI Specialist,Manufactured,No office location,https://stackoverflow.com/jobs/503897/
Full-Stack Engineer (f/m/d),VoiceLine,"Munich, Germany",https://stackoverflow.com/jobs/522166/
Frontend Developer (m/f/d) for energy market e-commerce,e.pilot GmbH,"Köln, Deutschland",https://stackoverflow.com/jobs/486010/
"164591BR - Sr Engineer, Software - Dallas",T-MobileviaPeopleScout,"Frisco, TX",https://stackoverflow.com/jobs/527966/
Senior Full Stack Developer (Back-End Focus) with opportunity to gain Clearance,Varen Technologies,"Columbia, MD",https://stackoverflow.com/jobs/525379/
Full-Stack Senior Software Engineer,Automation Consultants,"Reading, UK",https://stackoverflow.com/jobs/516019/
Senior Software Engineer - Infrastructure,Outschool,No office location,https://stackoverflow.com/jobs/386170/
Senior Backend Developer,Makeen Technologies LLC,No office location,https://stackoverflow.com/jobs/417842/
Remote Senior or Lead Full Stack Engineer - Cisco Meraki,Cisco MerakiviaSource Coders,No office location,https://stackoverflow.com/jobs/525608/
Senior JavaScript Developer (f/m/x),diconium group,"Stuttgart, Deutschland",https://stackoverflow.com/jobs/526154/
Senior Software Engineer,Leverege,No office location,https://stackoverflow.com/jobs/468965/
Remote Fullstack Entwicklerin (m/w/d),Ambient Innovation: GmbH,"Köln, Germany",https://stackoverflow.com/jobs/527185/
Senior Software Engineer (.NET Core),"Unanet, Inc.",No office location,https://stackoverflow.com/jobs/526831/
Software Developer,Collage,"Toronto, ON, Canada",https://stackoverflow.com/jobs/484604/
Senior Backend/Fullstack Developer,Pensionera Förmedling i Sverige AB,"Stockholm, Sweden",https://stackoverflow.com/jobs/526102/
"full-stack web developer (node.js, typescript)",code d'azur,"Amsterdam, Netherlands",https://stackoverflow.com/jobs/522428/
"Senior Software Engineer, UI- Pet Health- R8094","Chewy, Inc.","Minneapolis, MN",https://stackoverflow.com/jobs/513973/
"Senior Software Engineer, UI - Pet Health-R8094","Chewy, Inc.","Boston, MA",https://stackoverflow.com/jobs/513971/
Remote Fullstack Entwicklerin (m/w/d),Ambient Innovation: GmbH,"Köln, Germany",https://stackoverflow.com/jobs/527185/
Senior Fullstack Engineer,Revieve Oy,No office location,https://stackoverflow.com/jobs/526486/
Software Engineer,Mastt Australia Pty Ltd,"Sydney, Australia",https://stackoverflow.com/jobs/515359/
Backend Software Engineer (Junior/Mid/Senior),Chalkboard Software Limited,"Manchester, UK",https://stackoverflow.com/jobs/527572/
Senior Backend/Fullstack Developer,Pensionera Förmedling i Sverige AB,"Stockholm, Sweden",https://stackoverflow.com/jobs/526102/
Senior Backend Developer,AudioValley,"Paris, France",https://stackoverflow.com/jobs/518186/
Web Frontend Developer with an eye for professional user experience (m/f/d),Ergosign,"Saarbrücken, Deutschland",https://stackoverflow.com/jobs/456766/
Full-Stack Senior Software Engineer,Automation Consultants,"Reading, UK",https://stackoverflow.com/jobs/516019/
Senior Python Engineer,Huxley Banking & Financial ServicesviaHuxley (US),"Boston, MA",https://stackoverflow.com/jobs/524663/
Frontend Developer (LATAM REMOTE),Arative Technologies,No office location,https://stackoverflow.com/jobs/512369/
Senior Full-Stack Engineer (United Income),Capital One Financial Corporation,"McLean, VA",https://stackoverflow.com/jobs/527311/
Front-End Engineer,HeidelbergCement AG,"Brno-jih, Czechia",https://stackoverflow.com/jobs/495725/
UI Developer,"Confluence Technologies, Inc.","London, UK",https://stackoverflow.com/jobs/521992/
Senior Frontend Engineer (f/m/d),real.digital,"Köln, Deutschland",https://stackoverflow.com/jobs/501205/
Front-end Developer,HOTMART,"Belo Horizonte, Brazil",https://stackoverflow.com/jobs/526776/
Engineering Manager at Root Insurance (Remote Possible),Root Insurance Company,"Columbus, OH",https://stackoverflow.com/jobs/251049/
"Software-Developers for our offices in Germany, France, and UK",Evotec SE,"Toulouse, France",https://stackoverflow.com/jobs/522865/
Senior Software Engineer - Full-stack,Realtor.com,"Austin, TX",https://stackoverflow.com/jobs/527036/
Software Engineer,DojoMojo,"New York, NY",https://stackoverflow.com/jobs/524763/
"Senior Software Engineer (Full Stack, Remote)",CladeviaFlexhire,No office location,https://stackoverflow.com/jobs/505646/
Full-Stack Junior Software Engineer,Automation Consultants,"Reading, UK",https://stackoverflow.com/jobs/516045/
(Senior) Backend Engineer - Golang / Java (m/f/d),Engel & Völkers Technology GmbH,"Hamburg, Deutschland",https://stackoverflow.com/jobs/526954/
Senior Software Engineer - Full-stack,Realtor.com,"Austin, TX",https://stackoverflow.com/jobs/527036/
Senior Full-Stack Engineer (United Income),Capital One Financial Corporation,"McLean, VA",https://stackoverflow.com/jobs/527311/
Full Stack Software Developer,Chatham Financial,"Kraków, Poland",https://stackoverflow.com/jobs/526596/
Front-End Engineer,HeidelbergCement AG,"Brno-jih, Czechia",https://stackoverflow.com/jobs/495725/
Senior Frontend Engineer (f/m/d),real.digital,"Köln, Deutschland",https://stackoverflow.com/jobs/501205/
Senior Software Engineer at Root Insurance (Remote Possible),Root Insurance Company,"Columbus, OH",https://stackoverflow.com/jobs/282042/
Senior Software Developer Full-Stack,NAVIS,No office location,https://stackoverflow.com/jobs/500259/
"full-stack web developer (node.js, typescript)",code d'azur,"Amsterdam, Netherlands",https://stackoverflow.com/jobs/522428/
Senior/Lead Software Engineer,CV Partner,"London, UK",https://stackoverflow.com/jobs/471140/
Software Engineer,DojoMojo,"New York, NY",https://stackoverflow.com/jobs/524763/
Full-Stack Web Developer,Hades Technologies AG,"Zürich, Switzerland",https://stackoverflow.com/jobs/518151/
Full stack software engineer,Ailo,"Melbourne, Australia",https://stackoverflow.com/jobs/372382/
Software Engineers - Bristol,OVO Group,"Bristol, UK",https://stackoverflow.com/jobs/362074/
Full-Stack Junior Software Engineer,Automation Consultants,"Reading, UK",https://stackoverflow.com/jobs/516045/
(Senior) Backend Engineer - Golang / Java (m/f/d),Engel & Völkers Technology GmbH,"Hamburg, Deutschland",https://stackoverflow.com/jobs/526954/
Fullstack JavaScript Developer,Anyfin AB,"Stockholm, Sweden",https://stackoverflow.com/jobs/498051/
Front-end Engineer (Full-Remote in Japan*),PayPay Corporation.,"Tokyo, Japan",https://stackoverflow.com/jobs/292635/
Software Engineer,Dandy,"New York, NY",https://stackoverflow.com/jobs/489610/
Full Stack Software Engineer,Farmer ConnectvianetObjectives,No office location,https://stackoverflow.com/jobs/526653/
Senior Software Developer (Backend) - Data and AI Specialist,Manufactured,No office location,https://stackoverflow.com/jobs/503897/
Front End Software Engineer,Buxton,No office location,https://stackoverflow.com/jobs/492568/
Javascript エンジニア,Computer FuturesviaComputer Futures Japan,"Tokyo, Japan",https://stackoverflow.com/jobs/527721/
Full Stack Javascript / Node.js Developer - Remote/SaaS (m/f/d),SocialHub,No office location,https://stackoverflow.com/jobs/525810/
Software Architect / Code Reviewer / Mentor - Part-time,Arcanys,No office location,https://stackoverflow.com/jobs/485542/
Senior Software Developer,Quantum Mob,"Toronto, ON, Canada",https://stackoverflow.com/jobs/527600/
Frontend Developer (m/f/d),WPS Management GmbH,"Paderborn, Deutschland",https://stackoverflow.com/jobs/293572/
Fullstack Developer (f/m/d),TeleClinic GmbH,"München, Deutschland",https://stackoverflow.com/jobs/508937/
Senior Software Engineer (Remote),Rippling,No office location,https://stackoverflow.com/jobs/517387/
Senior Front End Software Engineer,Ampersand,"Manchester, UK",https://stackoverflow.com/jobs/496028/
Desenvolvedor(a) Full Stack,Globo,"Rio de Janeiro, Brazil",https://stackoverflow.com/jobs/519618/
Remote Mobile App Developer,Bitfinex,No office location,https://stackoverflow.com/jobs/522654/
Web Frontend Developer with an eye for professional user experience (m/f/d),Ergosign,"Hamburg, Deutschland",https://stackoverflow.com/jobs/456764/
Mobile and JavaScript Developer with an eye for Design,Envested,"New York, NY",https://stackoverflow.com/jobs/514085/
Remote Node.js Developer - Spring - Revolutionary Social e-Commerce Platform,SpringviaSource Coders,No office location,https://stackoverflow.com/jobs/528061/
Design Technologist,Upstate Interactive,No office location,https://stackoverflow.com/jobs/528051/
Mid Level- Senior Software Developer (Java/ JavaScript),OGLviaHays PLC,"Stourport-on-Severn, UK",https://stackoverflow.com/jobs/524620/
Senior Full Stack Developer,Nets Group,"Helsinki, Finland",https://stackoverflow.com/jobs/526066/
"Principal Full-Stack Software Engineer, Customer Support Engineering",Rivian,"Palo Alto, CA",https://stackoverflow.com/jobs/469145/
Full-Stack JavaScript Developer,Blink,"London, UK",https://stackoverflow.com/jobs/527891/
Full Stack Developer (Back End Focus),HomeLister,"New York, NY",https://stackoverflow.com/jobs/520171/
Senior Backend Software Developer (f/m/d),Leica Geosystems AG,"Zug, Schweiz",https://stackoverflow.com/jobs/523698/
Backend Software Engineer (Junior/Mid/Senior),Chalkboard Software Limited,"Manchester, UK",https://stackoverflow.com/jobs/527572/
"Frontend Developer (m/w/d) in Leipzig, Halle (Saale) oder Dresden",Relaxdays GmbH,"Leipzig, Deutschland",https://stackoverflow.com/jobs/433898/
Web Front-End Engineer for Web Portal Solutions (all genders),Erste Group,"Wien, Österreich",https://stackoverflow.com/jobs/527821/
(Senior-) Software Engineer - Frontend (d/f/m),Stylight,"München, Deutschland",https://stackoverflow.com/jobs/522237/
Forever Remote Position | 100% Remote Node Engineer | G2i Collective,G2i Inc,No office location,https://stackoverflow.com/jobs/405883/
Senior Full-Stack Engineer (United Income),Capital One Financial Corporation,"McLean, VA",https://stackoverflow.com/jobs/527210/
Full-Stack Software Developer- Remote,Upstack,No office location,https://stackoverflow.com/jobs/286028/
Senior Full Stack Developer,Motosumo ApS,"Herlev, Denmark",https://stackoverflow.com/jobs/503923/
Frontend Entwickler (w/m/d),brandung GmbH & Co. KG,"Köln, Deutschland",https://stackoverflow.com/jobs/252522/
Senior .Net Web Developer (Remote),BlueModus,No office location,https://stackoverflow.com/jobs/525448/
"164591BR - Sr Engineer, Software - Dallas",T-MobileviaPeopleScout,"Frisco, TX",https://stackoverflow.com/jobs/527966/
Full Stack Software Engineer,IOVLABS,No office location,https://stackoverflow.com/jobs/527628/
Senior Software Engineer,Ogury,"Strasbourg, France",https://stackoverflow.com/jobs/519021/
Senior Software Engineer Web Front-end,ti&m AG,"Bern, Schweiz",https://stackoverflow.com/jobs/522271/
Software Developer,uShip,"Austin, TX",https://stackoverflow.com/jobs/521897/
Software Engineer,Which?,"London, UK",https://stackoverflow.com/jobs/524001/
Software Engineer,Ledger Investing,No office location,https://stackoverflow.com/jobs/445674/
"Senior Software Engineer (Web) - Front-End, Full Stack Javascript",100x Group,Hong Kong,https://stackoverflow.com/jobs/474794/
Software Engineer,Ninja Van,Singapore,https://stackoverflow.com/jobs/272207/
3D-Visualisierung Software Developer (w/m/d),encoway,"Bremen, Deutschland",https://stackoverflow.com/jobs/512043/
Full Stack Software Engineer,Global Reach Consulting LLC,"Reston, VA",https://stackoverflow.com/jobs/417794/
Software Engineer,Tradewell Technologies,No office location,https://stackoverflow.com/jobs/506427/
Senior Software Engineer Web Front-end,ti&m AG,"Zürich, Schweiz",https://stackoverflow.com/jobs/522252/
Senior Software Engineer Web-Front-end / .NET,ti&m AG,"Zürich, Schweiz",https://stackoverflow.com/jobs/522251/
Senior Node.js Engineer at Atlanta Fintech making a debit card for kids.,"Greenlight Financial Technology, Inc.","Atlanta, GA",https://stackoverflow.com/jobs/468516/
Senior Frontend Engineer,TESCO PLC,"London, UK",https://stackoverflow.com/jobs/524460/
Scientific Full-Stack Developer (m/f/d),BASF,"Ludwigshafen am Rhein, Deutschland",https://stackoverflow.com/jobs/523972/
Front-end Engineer (Full-Remote in Japan*),PayPay Corporation.,"Tokyo, Japan",https://stackoverflow.com/jobs/292635/
Software Engineer,Mind Foundry,"Edinburgh, UK",https://stackoverflow.com/jobs/527916/
Staff Software Engineer (Front End) - Level 4,Addison Group,No office location,https://stackoverflow.com/jobs/517396/
Senior Software Engineer - Acquisition,Epidemic Sound AB,"Stockholm, Sweden",https://stackoverflow.com/jobs/426014/
Full-Stack Software Developer (m/w/d),Technische Universität Graz,"Graz, Österreich",https://stackoverflow.com/jobs/526312/
Lead Software Engineer - CDN,Capital One Financial Corporation,"Richmond, VA",https://stackoverflow.com/jobs/527189/
Software Architect,Dream Broker,"Helsinki, Finland",https://stackoverflow.com/jobs/422169/
JavaScript Engineer for our ecommerce storefront  (f/m/d),ePages GmbH,"Hamburg, Germany",https://stackoverflow.com/jobs/123431/
Senior Full-Stack Engineer,Ethena,"Brooklyn, NY",https://stackoverflow.com/jobs/523165/
Lead Full-Stack Engineer - Grid (San Francisco),Unusual Ventures,"San Francisco, CA",https://stackoverflow.com/jobs/490529/
C# / .NET Entwickler (w/m/d) (German speaking),SD&C Solutions Development & Consulting GmbH,"Berlin, Deutschland",https://stackoverflow.com/jobs/469396/
NodeJS Developers,Mitrais,"Kecamatan Denpasar Selatan, Indonesia",https://stackoverflow.com/jobs/467699/
Full-Stack .NET/JS Engineer,MediKeeper,"San Diego, CA",https://stackoverflow.com/jobs/505268/
"Seeking Great Fullstack/Frontend Engineers (Remote, US)",RXNT,"Annapolis, MD",https://stackoverflow.com/jobs/527887/
Backend Software Engineer - Golang (Remote Job),Avenue,"São Paulo, Brazil",https://stackoverflow.com/jobs/409540/
"Software Engineer (Remote Only, US)",Osso VR,No office location,https://stackoverflow.com/jobs/462304/
Senior Backend Engineer (US or Canada Remote),Fullscript,No office location,https://stackoverflow.com/jobs/525690/
Full Stack Developer,Skyword/TrackMaven,"Boston, MA",https://stackoverflow.com/jobs/488091/
Full-Stack Technical Lead,SSENSE,"Montreal, QC, Canada",https://stackoverflow.com/jobs/521742/
"Senior Software Engineer, SEO",DraftKings,No office location,https://stackoverflow.com/jobs/522064/
Senior Software Engineer (Remote),Rippling,No office location,https://stackoverflow.com/jobs/517387/
Senior Software Engineer - Frontend (m/f/d),Alecto GmbH,"Berlin, Deutschland",https://stackoverflow.com/jobs/522221/
Senior Front End Software Engineer,Ampersand,"Manchester, UK",https://stackoverflow.com/jobs/496028/
Front End Developer,Ark Mortgage,"Spring Valley, NY",https://stackoverflow.com/jobs/520651/
Desenvolvedor(a) Full Stack,Globo,"Rio de Janeiro, Brazil",https://stackoverflow.com/jobs/519618/
Web Frontend Developer with an eye for professional user experience (m/f/d),Ergosign,"Hamburg, Deutschland",https://stackoverflow.com/jobs/456764/
Mobile and JavaScript Developer with an eye for Design,Envested,"New York, NY",https://stackoverflow.com/jobs/514085/
Design Technologist,Upstate Interactive,No office location,https://stackoverflow.com/jobs/528051/
Full-Stack Software Engineer,Captivation Software,"Fort Meade, MD",https://stackoverflow.com/jobs/525427/
Senior Full Stack Developer,Nets Group,"Helsinki, Finland",https://stackoverflow.com/jobs/526066/
Javascript Engineer,Sticker Mule,No office location,https://stackoverflow.com/jobs/419687/
"Principal Full-Stack Software Engineer, Customer Support Engineering",Rivian,"Palo Alto, CA",https://stackoverflow.com/jobs/469145/
